Metric,TF1.x,TF2.x
initial_memory,626835456.0,5756108800.0
initial_gpu_memory,0.0,0.0
creation_time,10.606920003890991,0.7002527713775635
creation_memory,2432172032.0,-135462912.0
creation_gpu_memory,0.0,0.0
training_time,184.61898183822632,83.49466633796692
training_memory,4267163648.0,-1458814976.0
training_gpu_memory,0.0,0.0
embedding_time,3.4546048641204834,1.9164009094238281
reconstruction_error,0.1478344202041626,0.19303017854690552
